id,category_code,category,allegation_name,on_duty,citizen_dept,created_at,updated_at
1,001,Operation/Personnel Violations,Unfit For Duty,true,dept,2019-01-09T04:41:36.478496Z,2019-01-09T04:41:36.629666Z
30,019B,Operation/Personnel Violations,Reports - Failure To Report Incident,true,dept,2019-01-09T04:41:36.478496Z,2019-01-09T04:41:36.629666Z
31,01A,Verbal Abuse,Use Of Profanity,true,citizen,2019-01-09T04:41:36.478496Z,2019-01-09T04:41:36.629666Z
32,01B,Verbal Abuse,"Racial / Ethnic, Etc.",true,citizen,2019-01-09T04:41:36.478496Z,2019-01-09T04:41:36.629666Z
33,01C,Verbal Abuse,Sexual Orientation,true,citizen,2019-01-09T04:41:36.478496Z,2019-01-09T04:41:36.629666Z
34,01D,Verbal Abuse,Religious Affiliation,true,citizen,2019-01-09T04:41:36.478496Z,2019-01-09T04:41:36.629666Z
35,01Z,Verbal Abuse,Miscellaneous,true,citizen,2019-01-09T04:41:36.478496Z,2019-01-09T04:41:36.629666Z
36,020,Operation/Personnel Violations,Misuse Of Equipment/Supplies,true,dept,2019-01-09T04:41:36.478496Z,2019-01-09T04:41:36.629666Z
37,021,Operation/Personnel Violations,Radio Call Violation,true,dept,2019-01-09T04:41:36.478496Z,2019-01-09T04:41:36.629666Z
38,022,Operation/Personnel Violations,Failure To Perform Any Duty,true,dept,2019-01-09T04:41:36.478496Z,2019-01-09T04:41:36.629666Z
39,022A,Operation/Personnel Violations,Current Il License Plates And/Or City Vehicle Sticker,true,dept,2019-01-09T04:41:36.478496Z,2019-01-09T04:41:36.629666Z
40,022B,Conduct Unbecoming (Off-Duty),Indebtedness To The City,true,dept,2019-01-09T04:41:36.478496Z,2019-01-09T04:41:36.629666Z
41,022C,Operation/Personnel Violations,Statement Of Financial Interest,true,dept,2019-01-09T04:41:36.478496Z,2019-01-09T04:41:36.629666Z
42,024,Operation/Personnel Violations,Smoking Violation,true,dept,2019-01-09T04:41:36.478496Z,2019-01-09T04:41:36.629666Z
43,025,Operation/Personnel Violations,Preventable Accident,true,dept,2019-01-09T04:41:36.478496Z,2019-01-09T04:41:36.629666Z
44,026,Operation/Personnel Violations,Supervisor Responsibility,true,dept,2019-01-09T04:41:36.478496Z,2019-01-09T04:41:36.629666Z
45,027,Operation/Personnel Violations,Non Compliance With Motor Vehicle Pursuit Requirements,true,dept,2019-01-09T04:41:36.478496Z,2019-01-09T04:41:36.629666Z
46,028,Operation/Personnel Violations,Compensatory Time Violation,true,dept,2019-01-09T04:41:36.478496Z,2019-01-09T04:41:36.629666Z
47,029,Operation/Personnel Violations,Failure To Identify,true,dept,2019-01-09T04:41:36.478496Z,2019-01-09T04:41:36.629666Z
48,02A,Drug / Alcohol Abuse,Intoxicated On Duty,true,citizen,2019-01-09T04:41:36.478496Z,2019-01-09T04:41:36.629666Z
49,02B,Drug / Alcohol Abuse,Intoxicated Off Duty,false,citizen,2019-01-09T04:41:36.478496Z,2019-01-09T04:41:36.629666Z
50,02C,Drug / Alcohol Abuse,D.U.I. - On Duty,true,citizen,2019-01-09T04:41:36.478496Z,2019-01-09T04:41:36.629666Z
51,02D,Drug / Alcohol Abuse,D.U.I. - Off Duty,false,citizen,2019-01-09T04:41:36.478496Z,2019-01-09T04:41:36.629666Z
52,02E,Drug / Alcohol Abuse,Possession / Drinking Alcohol - On Duty,true,citizen,2019-01-09T04:41:36.478496Z,2019-01-09T04:41:36.629666Z
53,02F,Drug / Alcohol Abuse,Impairment .04 Or Greater - On Duty,true,citizen,2019-01-09T04:41:36.478496Z,2019-01-09T04:41:36.629666Z
54,02G,Drug / Alcohol Abuse,Impairment .04 Or Greater - Off Duty,false,citizen,2019-01-09T04:41:36.478496Z,2019-01-09T04:41:36.629666Z
55,02H,Drug / Alcohol Abuse,Random Drug/Return To Duty 6 Mos Follow-Up .021 Or Greater,true,citizen,2019-01-09T04:41:36.478496Z,2019-01-09T04:41:36.629666Z
56,02Z,Drug / Alcohol Abuse,Miscellaneous,true,citizen,2019-01-09T04:41:36.478496Z,2019-01-09T04:41:36.629666Z
57,030,Lockup Procedures,Neglect Of Duty,true,citizen,2019-01-09T04:41:36.478496Z,2019-01-09T04:41:36.629666Z
58,031,Lockup Procedures,Conduct Unbecoming,true,citizen,2019-01-09T04:41:36.478496Z,2019-01-09T04:41:36.629666Z
59,032,Lockup Procedures,Inventory Procedure,true,citizen,2019-01-09T04:41:36.478496Z,2019-01-09T04:41:36.629666Z
60,032A,Lockup Procedures,Inventory Procedures - Non-Arrestee,true,citizen,2019-01-09T04:41:36.478496Z,2019-01-09T04:41:36.629666Z
61,033A,Traffic,Traffic Bonding Procedures,true,citizen,2019-01-09T04:41:36.478496Z,2019-01-09T04:41:36.629666Z
62,033B,Traffic,Traffic Citation Processing,true,citizen,2019-01-09T04:41:36.478496Z,2019-01-09T04:41:36.629666Z
63,033C,Traffic,Traffic Crash Report - Fail To Properly Process,true,citizen,2019-01-09T04:41:36.478496Z,2019-01-09T04:41:36.629666Z
64,033D,Traffic,Traffic Regulations - Fail To Enforce,true,citizen,2019-01-09T04:41:36.478496Z,2019-01-09T04:41:36.629666Z
65,034,Lockup Procedures,Improper Arrest/Booking/Processing,true,citizen,2019-01-09T04:41:36.478496Z,2019-01-09T04:41:36.629666Z
66,034A,Lockup Procedures,Improper Bonding Procedures,true,citizen,2019-01-09T04:41:36.478496Z,2019-01-09T04:41:36.629666Z
67,034B,Lockup Procedures,Search Improper - Person/Property,true,citizen,2019-01-09T04:41:36.478496Z,2019-01-09T04:41:36.629666Z
68,034C,Lockup Procedures,Prisoner's Property - Fail To Inventory,true,citizen,2019-01-09T04:41:36.478496Z,2019-01-09T04:41:36.629666Z
69,03A,First Amendment,First Amendment,true,citizen,2019-01-09T04:41:36.478496Z,2019-01-09T04:41:36.629666Z
70,03B,Illegal Search,Improper Search Of Person,true,citizen,2019-01-09T04:41:36.478496Z,2019-01-09T04:41:36.629666Z
71,03C,Illegal Search,Search Of Premise Without Warrant,true,citizen,2019-01-09T04:41:36.478496Z,2019-01-09T04:41:36.629666Z
72,03D,False Arrest,Illegal Arrest / False Arrest,true,citizen,2019-01-09T04:41:36.478496Z,2019-01-09T04:41:36.629666Z
73,03E,Use Of Force,Injury / Death (Under Color Of Law),true,citizen,2019-01-09T04:41:36.478496Z,2019-01-09T04:41:36.629666Z
74,03F,First Amendment,Failure To Ensure Civil Rights,true,citizen,2019-01-09T04:41:36.478496Z,2019-01-09T04:41:36.629666Z
75,03G,Illegal Search,Improper Search Of Vehicle,true,citizen,2019-01-09T04:41:36.478496Z,2019-01-09T04:41:36.629666Z
76,03J,False Arrest,Planting Controlled Substance On Person,true,citizen,2019-01-09T04:41:36.478496Z,2019-01-09T04:41:36.629666Z
77,03K,False Arrest,Planting Controlled Substance In Premise,true,citizen,2019-01-09T04:41:36.478496Z,2019-01-09T04:41:36.629666Z
78,03L,False Arrest,Planting Controlled Substance In Vehicle,true,citizen,2019-01-09T04:41:36.478496Z,2019-01-09T04:41:36.629666Z
79,03M,False Arrest,Planting Controlled Substance - Other,true,citizen,2019-01-09T04:41:36.478496Z,2019-01-09T04:41:36.629666Z
80,03P,Racial Profiling,Racial Profiling,true,citizen,2019-01-09T04:41:36.478496Z,2019-01-09T04:41:36.629666Z
81,03Q,False Arrest,Improper Detention,true,citizen,2019-01-09T04:41:36.478496Z,2019-01-09T04:41:36.629666Z
82,03R,False Arrest,Unlawful / Excessive Investigative Detention (Witness),true,citizen,2019-01-09T04:41:36.478496Z,2019-01-09T04:41:36.629666Z
84,03T,Illegal Search,Search Of Person - Property / Usc Taken,true,citizen,2019-01-09T04:41:36.478496Z,2019-01-09T04:41:36.629666Z
85,03U,Illegal Search,Search Of Premise - Property / Usc Taken,true,citizen,2019-01-09T04:41:36.478496Z,2019-01-09T04:41:36.629666Z
86,03V,Illegal Search,Search Of Vehicle - Property / Usc Taken,true,citizen,2019-01-09T04:41:36.478496Z,2019-01-09T04:41:36.629666Z
87,03Z,Illegal Search,Miscellaneous,true,citizen,2019-01-09T04:41:36.478496Z,2019-01-09T04:41:36.629666Z
88,04A,Lockup Procedures,Bonding/Booking/Processing,true,citizen,2019-01-09T04:41:36.478496Z,2019-01-09T04:41:36.629666Z
89,04B,Lockup Procedures,"Arrest, Improper Procedures",true,citizen,2019-01-09T04:41:36.478496Z,2019-01-09T04:41:36.629666Z
90,04C,Lockup Procedures,Excessive Detention - After Arrest,true,citizen,2019-01-09T04:41:36.478496Z,2019-01-09T04:41:36.629666Z
91,04D,Lockup Procedures,Search - Person / Property,true,citizen,2019-01-09T04:41:36.478496Z,2019-01-09T04:41:36.629666Z
92,04E,Lockup Procedures,Prisoners Property,true,citizen,2019-01-09T04:41:36.478496Z,2019-01-09T04:41:36.629666Z
93,04F,Lockup Procedures,Escape,true,citizen,2019-01-09T04:41:36.478496Z,2019-01-09T04:41:36.629666Z
94,04G,Lockup Procedures,Telephone / Attorney / Relative Privileges,true,citizen,2019-01-09T04:41:36.478496Z,2019-01-09T04:41:36.629666Z
95,04H,Lockup Procedures,Proper Care - Injury / Death,true,citizen,2019-01-09T04:41:36.478496Z,2019-01-09T04:41:36.629666Z
96,04J,Lockup Procedures,Miscellaneous,true,citizen,2019-01-09T04:41:36.478496Z,2019-01-09T04:41:36.629666Z
97,04Z,Lockup Procedures,Miscellaneous,true,citizen,2019-01-09T04:41:36.478496Z,2019-01-09T04:41:36.629666Z
98,05A,Use Of Force,Excessive Force / On Duty - Injury,true,citizen,2019-01-09T04:41:36.478496Z,2019-01-09T04:41:36.629666Z
99,05B,Use Of Force,Excessive Force / On Duty - No Injury,true,citizen,2019-01-09T04:41:36.478496Z,2019-01-09T04:41:36.629666Z
100,05C,Use Of Force,Excessive Force / Off Duty - Injury,false,citizen,2019-01-09T04:41:36.478496Z,2019-01-09T04:41:36.629666Z
101,05D,Use Of Force,Excessive Force / Off Duty - No Injury,false,citizen,2019-01-09T04:41:36.478496Z,2019-01-09T04:41:36.629666Z
102,05E,Use Of Force,Excessive Force - Use Of Firearm / On Duty - Injury,true,citizen,2019-01-09T04:41:36.478496Z,2019-01-09T04:41:36.629666Z
103,05F,Use Of Force,Excessive Force - Use Of Firearm / On Duty - No Injury,true,citizen,2019-01-09T04:41:36.478496Z,2019-01-09T04:41:36.629666Z
104,05G,Use Of Force,Excessive Force - Use Of Firearm / Off Duty - Injury,false,citizen,2019-01-09T04:41:36.478496Z,2019-01-09T04:41:36.629666Z
105,05H,Use Of Force,Excessive Force - Use Of Firearm / Off Duty - No Injury,false,citizen,2019-01-09T04:41:36.478496Z,2019-01-09T04:41:36.629666Z
106,05J,Use Of Force,"U Converted To C.R. (Records Keeping Only, Initial)",true,citizen,2019-01-09T04:41:36.478496Z,2019-01-09T04:41:36.629666Z
107,05K,Domestic,Domestic Altercation - Physical Abuse,true,citizen,2019-01-09T04:41:36.478496Z,2019-01-09T04:41:36.629666Z
108,05L,Domestic,Domestic Incident - Not Physical,true,citizen,2019-01-09T04:41:36.478496Z,2019-01-09T04:41:36.629666Z
109,05M,Use Of Force,Unnecessary Physical Contact / On Duty - No Injury,true,citizen,2019-01-09T04:41:36.478496Z,2019-01-09T04:41:36.629666Z
416,S138,Unknown,BONDING,false,,2019-01-09T04:41:36.478496Z,2019-01-09T04:41:36.629666Z
110,05N,Use Of Force,Unnecessary Physical Contact / Off Duty - No Injury,false,citizen,2019-01-09T04:41:36.478496Z,2019-01-09T04:41:36.629666Z
111,05P,Use Of Force,Unnecessary Display Of Weapon / On Duty,true,citizen,2019-01-09T04:41:36.478496Z,2019-01-09T04:41:36.629666Z
284,S030,Use Of Force,Dragged,true,citizen,2019-01-09T04:41:36.478496Z,2019-01-09T04:41:36.629666Z
83,03S,Use Of Force,Illegal Threat Of Arrest,true,citizen,2019-01-09T04:41:36.478496Z,2019-01-09T04:41:36.629666Z
112,05Q,Use Of Force,Unnecessary Display Of Weapon / Off Duty,false,citizen,2019-01-09T04:41:36.478496Z,2019-01-09T04:41:36.629666Z
113,05R,Use Of Force,Civil Suits - Third Party,true,citizen,2019-01-09T04:41:36.478496Z,2019-01-09T04:41:36.629666Z
114,05T,Use Of Force,Excessive Force - Taser - Use Of,true,citizen,2019-01-09T04:41:36.478496Z,2019-01-09T04:41:36.629666Z
115,05Z,Use Of Force,Miscellaneous,true,citizen,2019-01-09T04:41:36.478496Z,2019-01-09T04:41:36.629666Z
116,05ZZA,Use Of Force,Arrestee-During  Arrest,true,citizen,2019-01-09T04:41:36.478496Z,2019-01-09T04:41:36.629666Z
117,05ZZB,Use Of Force,"Arrestee-After Arrest,Prior To Lockup",true,citizen,2019-01-09T04:41:36.478496Z,2019-01-09T04:41:36.629666Z
118,05ZZC,Use Of Force,Arrestee-Lockup/Deletion,true,citizen,2019-01-09T04:41:36.478496Z,2019-01-09T04:41:36.629666Z
119,05ZZD,Use Of Force,No Arrest,true,citizen,2019-01-09T04:41:36.478496Z,2019-01-09T04:41:36.629666Z
120,05ZZE,Use Of Force,Traffic,true,citizen,2019-01-09T04:41:36.478496Z,2019-01-09T04:41:36.629666Z
121,05ZZF,Domestic,Domestic,true,citizen,2019-01-09T04:41:36.478496Z,2019-01-09T04:41:36.629666Z
122,05ZZK,Domestic,Domestic Altercation/Incident - Off Duty,false,citizen,2019-01-09T04:41:36.478496Z,2019-01-09T04:41:36.629666Z
123,05ZZL,Use Of Force,Unnecessary Physical Contact -On Duty,true,citizen,2019-01-09T04:41:36.478496Z,2019-01-09T04:41:36.629666Z
124,05ZZM,Use Of Force,Unnecessary Physical Contact/ Off -No Injury,false,citizen,2019-01-09T04:41:36.478496Z,2019-01-09T04:41:36.629666Z
125,05ZZN,Use Of Force,Weapon-Unnecessary Display Of,true,citizen,2019-01-09T04:41:36.478496Z,2019-01-09T04:41:36.629666Z
126,05ZZP,Use Of Force,"Excessive Force-Off Duty(Includes Neighbor,Traffic,Tav)",false,citizen,2019-01-09T04:41:36.478496Z,2019-01-09T04:41:36.629666Z
127,05ZZT,Use Of Force,Excessive Force-Taser Use Of,true,citizen,2019-01-09T04:41:36.478496Z,2019-01-09T04:41:36.629666Z
128,06A,Bribery / Official Corruption,Solicit / Accept Bribe (Non-Traffic),true,citizen,2019-01-09T04:41:36.478496Z,2019-01-09T04:41:36.629666Z
129,06B,Bribery / Official Corruption,Solicit / Accept Bribe (Traffic),true,citizen,2019-01-09T04:41:36.478496Z,2019-01-09T04:41:36.629666Z
130,06C,Bribery / Official Corruption,Extortion,true,citizen,2019-01-09T04:41:36.478496Z,2019-01-09T04:41:36.629666Z
131,06D,Bribery / Official Corruption,"Bribe, Failure To Report",true,citizen,2019-01-09T04:41:36.478496Z,2019-01-09T04:41:36.629666Z
132,06E,Bribery / Official Corruption,Gratuity,true,citizen,2019-01-09T04:41:36.478496Z,2019-01-09T04:41:36.629666Z
133,06F,Bribery / Official Corruption,Recommend Professional Service,true,citizen,2019-01-09T04:41:36.478496Z,2019-01-09T04:41:36.629666Z
134,06G,Bribery / Official Corruption,Use Of Official Position,true,citizen,2019-01-09T04:41:36.478496Z,2019-01-09T04:41:36.629666Z
135,06H,Bribery / Official Corruption,An Act To Circumvent Criminal Prosecution,true,citizen,2019-01-09T04:41:36.478496Z,2019-01-09T04:41:36.629666Z
136,06J,Bribery / Official Corruption,Gang Affiliation,true,citizen,2019-01-09T04:41:36.478496Z,2019-01-09T04:41:36.629666Z
137,06K,Bribery / Official Corruption,False Testimony In Court,true,citizen,2019-01-09T04:41:36.478496Z,2019-01-09T04:41:36.629666Z
138,06Z,Bribery / Official Corruption,Miscellaneous,true,citizen,2019-01-09T04:41:36.478496Z,2019-01-09T04:41:36.629666Z
139,07A,Traffic,Misconduct During Issuance Of Citation,true,citizen,2019-01-09T04:41:36.478496Z,2019-01-09T04:41:36.629666Z
140,07B,Traffic,Improper Processing / Reporting / Procedures,true,citizen,2019-01-09T04:41:36.478496Z,2019-01-09T04:41:36.629666Z
141,07C,Traffic,Violation (Other Than D.U.I.) - On Duty,true,citizen,2019-01-09T04:41:36.478496Z,2019-01-09T04:41:36.629666Z
142,07D,Traffic,Parking Complaints,true,citizen,2019-01-09T04:41:36.478496Z,2019-01-09T04:41:36.629666Z
143,07E,Traffic,Fail To Enforce Traffic Regulations,true,citizen,2019-01-09T04:41:36.478496Z,2019-01-09T04:41:36.629666Z
144,07F,Traffic,Miscellaneous,true,citizen,2019-01-09T04:41:36.478496Z,2019-01-09T04:41:36.629666Z
145,07T,Traffic,Preventable Traffic Accident,true,citizen,2019-01-09T04:41:36.478496Z,2019-01-09T04:41:36.629666Z
146,07Z,Traffic,Miscellaneous,true,citizen,2019-01-09T04:41:36.478496Z,2019-01-09T04:41:36.629666Z
147,08A,Criminal Misconduct,"Murder / Manslaughter, Etc.",true,citizen,2019-01-09T04:41:36.478496Z,2019-01-09T04:41:36.629666Z
148,08B,Criminal Misconduct,"Assault / Battery, Etc.",true,citizen,2019-01-09T04:41:36.478496Z,2019-01-09T04:41:36.629666Z
149,08C,Criminal Misconduct,Criminal Sexual Assault,true,citizen,2019-01-09T04:41:36.478496Z,2019-01-09T04:41:36.629666Z
150,08D,Criminal Misconduct,Burglary,true,citizen,2019-01-09T04:41:36.478496Z,2019-01-09T04:41:36.629666Z
151,08E,Criminal Misconduct,Auto Theft,true,citizen,2019-01-09T04:41:36.478496Z,2019-01-09T04:41:36.629666Z
152,08F,Criminal Misconduct,Theft,true,citizen,2019-01-09T04:41:36.478496Z,2019-01-09T04:41:36.629666Z
153,08G,Criminal Misconduct,Shoplifting,true,citizen,2019-01-09T04:41:36.478496Z,2019-01-09T04:41:36.629666Z
154,08H,Criminal Misconduct,Robbery,true,citizen,2019-01-09T04:41:36.478496Z,2019-01-09T04:41:36.629666Z
155,08J,Criminal Misconduct,"Drugs / Controlled Substance, Possession Or Sale",true,citizen,2019-01-09T04:41:36.478496Z,2019-01-09T04:41:36.629666Z
156,08K,Criminal Misconduct,Damage / Trespassing To Property,true,citizen,2019-01-09T04:41:36.478496Z,2019-01-09T04:41:36.629666Z
157,08L,Criminal Misconduct,Arson,true,citizen,2019-01-09T04:41:36.478496Z,2019-01-09T04:41:36.629666Z
158,08M,Criminal Misconduct,Other Felony,true,citizen,2019-01-09T04:41:36.478496Z,2019-01-09T04:41:36.629666Z
159,08N,Criminal Misconduct,Conspiracy To Commit A Crime,true,citizen,2019-01-09T04:41:36.478496Z,2019-01-09T04:41:36.629666Z
160,08P,Criminal Misconduct,Police Impersonator (Advocate Section Use Only),true,citizen,2019-01-09T04:41:36.478496Z,2019-01-09T04:41:36.629666Z
161,08Q,Criminal Misconduct,Other Misdemeanor Arrest,true,citizen,2019-01-09T04:41:36.478496Z,2019-01-09T04:41:36.629666Z
162,08R,Criminal Misconduct,Sex Offense Other,true,citizen,2019-01-09T04:41:36.478496Z,2019-01-09T04:41:36.629666Z
163,08S,Criminal Misconduct,Judicial Process,true,citizen,2019-01-09T04:41:36.478496Z,2019-01-09T04:41:36.629666Z
164,08Z,Criminal Misconduct,Miscellaneous,true,citizen,2019-01-09T04:41:36.478496Z,2019-01-09T04:41:36.629666Z
165,09A,Conduct Unbecoming (Off-Duty),Altercation / Disturbance - Other,false,citizen,2019-01-09T04:41:36.478496Z,2019-01-09T04:41:36.629666Z
166,09B,Conduct Unbecoming (Off-Duty),Altercation / Disturbance - Neighbor,false,citizen,2019-01-09T04:41:36.478496Z,2019-01-09T04:41:36.629666Z
167,09C,Conduct Unbecoming (Off-Duty),Altercation / Disturbance - Traffic,false,citizen,2019-01-09T04:41:36.478496Z,2019-01-09T04:41:36.629666Z
168,09D,Conduct Unbecoming (Off-Duty),Traffic Violations (Other Than D.U.I.),false,citizen,2019-01-09T04:41:36.478496Z,2019-01-09T04:41:36.629666Z
169,09E,Conduct Unbecoming (Off-Duty),Misdemeanor Arrest,false,citizen,2019-01-09T04:41:36.478496Z,2019-01-09T04:41:36.629666Z
170,09F,Conduct Unbecoming (Off-Duty),Sexual Misconduct,false,citizen,2019-01-09T04:41:36.478496Z,2019-01-09T04:41:36.629666Z
171,09G,Conduct Unbecoming (Off-Duty),Abuse Of Authority,false,citizen,2019-01-09T04:41:36.478496Z,2019-01-09T04:41:36.629666Z
172,09H,Conduct Unbecoming (Off-Duty),Judicial Process/Directive - Contempt,false,citizen,2019-01-09T04:41:36.478496Z,2019-01-09T04:41:36.629666Z
173,09J,Conduct Unbecoming (Off-Duty),Association With Felon,false,citizen,2019-01-09T04:41:36.478496Z,2019-01-09T04:41:36.629666Z
174,09K,Conduct Unbecoming (Off-Duty),Indebtedness To City,false,citizen,2019-01-09T04:41:36.478496Z,2019-01-09T04:41:36.629666Z
175,09L,Conduct Unbecoming (Off-Duty),Drivers License - Revoked / Suspended,false,citizen,2019-01-09T04:41:36.478496Z,2019-01-09T04:41:36.629666Z
176,09M,Conduct Unbecoming (Off-Duty),Equipment Irregularity,true,dept,2019-01-09T04:41:36.478496Z,2019-01-09T04:41:36.629666Z
177,09N,Conduct Unbecoming (Off-Duty),Weapon Irregularity,true,dept,2019-01-09T04:41:36.478496Z,2019-01-09T04:41:36.629666Z
178,09P,Conduct Unbecoming (Off-Duty),Vehicle Licensing - City,true,dept,2019-01-09T04:41:36.478496Z,2019-01-09T04:41:36.629666Z
179,09Q,Conduct Unbecoming (Off-Duty),Vehicle Licensing - State,true,dept,2019-01-09T04:41:36.478496Z,2019-01-09T04:41:36.629666Z
180,09R,Conduct Unbecoming (Off-Duty),Residency,true,dept,2019-01-09T04:41:36.478496Z,2019-01-09T04:41:36.629666Z
181,09S,Conduct Unbecoming (Off-Duty),Altering Official Documents,true,dept,2019-01-09T04:41:36.478496Z,2019-01-09T04:41:36.629666Z
182,09Z,Conduct Unbecoming (Off-Duty),Miscellaneous,true,dept,2019-01-09T04:41:36.478496Z,2019-01-09T04:41:36.629666Z
183,10A,Operation/Personnel Violations,Absent Without Permission,true,dept,2019-01-09T04:41:36.478496Z,2019-01-09T04:41:36.629666Z
184,10AA,Operation/Personnel Violations,Failure To Identify,true,dept,2019-01-09T04:41:36.478496Z,2019-01-09T04:41:36.629666Z
185,10B,Operation/Personnel Violations,Seat Belts,true,dept,2019-01-09T04:41:36.478496Z,2019-01-09T04:41:36.629666Z
186,10BB,Operation/Personnel Violations,Conduct Unbecoming,true,dept,2019-01-09T04:41:36.478496Z,2019-01-09T04:41:36.629666Z
187,10C,Operation/Personnel Violations,Compensatory Time,true,dept,2019-01-09T04:41:36.478496Z,2019-01-09T04:41:36.629666Z
188,10CC,Operation/Personnel Violations,Employment Action - Shakman Decree,true,dept,2019-01-09T04:41:36.478496Z,2019-01-09T04:41:36.629666Z
189,10D,Operation/Personnel Violations,Slow / No Response,true,dept,2019-01-09T04:41:36.478496Z,2019-01-09T04:41:36.629666Z
190,10E,Operation/Personnel Violations,Secondary/Special Employment,true,dept,2019-01-09T04:41:36.478496Z,2019-01-09T04:41:36.629666Z
191,10F,Operation/Personnel Violations,Court Attendance Irregularities,true,dept,2019-01-09T04:41:36.478496Z,2019-01-09T04:41:36.629666Z
192,10G,Operation/Personnel Violations,Unfit For Duty,true,dept,2019-01-09T04:41:36.478496Z,2019-01-09T04:41:36.629666Z
193,10H,Operation/Personnel Violations,"Leaving Assignment (District, Beat, Sector, Court)",true,dept,2019-01-09T04:41:36.478496Z,2019-01-09T04:41:36.629666Z
194,10J,Operation/Personnel Violations,Neglect Of Duty,true,dept,2019-01-09T04:41:36.478496Z,2019-01-09T04:41:36.629666Z
195,10K,Operation/Personnel Violations,Late - Roll Call / Assignment / Court,true,dept,2019-01-09T04:41:36.478496Z,2019-01-09T04:41:36.629666Z
196,10L,Operation/Personnel Violations,Weapon / Ammunition,true,dept,2019-01-09T04:41:36.478496Z,2019-01-09T04:41:36.629666Z
197,10M,Operation/Personnel Violations,Insubordination,true,dept,2019-01-09T04:41:36.478496Z,2019-01-09T04:41:36.629666Z
198,10N,Operation/Personnel Violations,Lunch / Personal Violations,true,dept,2019-01-09T04:41:36.478496Z,2019-01-09T04:41:36.629666Z
199,10P,Operation/Personnel Violations,Misuse Of Department Equipment / Supplies,true,dept,2019-01-09T04:41:36.478496Z,2019-01-09T04:41:36.629666Z
200,10Q,Operation/Personnel Violations,Misuse Of Department Records,true,dept,2019-01-09T04:41:36.478496Z,2019-01-09T04:41:36.629666Z
201,10R,Operation/Personnel Violations,Residency,true,dept,2019-01-09T04:41:36.478496Z,2019-01-09T04:41:36.629666Z
202,10S,Operation/Personnel Violations,Eeo Investigations,true,dept,2019-01-09T04:41:36.478496Z,2019-01-09T04:41:36.629666Z
203,10T,Operation/Personnel Violations,Reports,true,dept,2019-01-09T04:41:36.478496Z,2019-01-09T04:41:36.629666Z
204,10U,Operation/Personnel Violations,Inadequate / Failure To Provide Service,true,dept,2019-01-09T04:41:36.478496Z,2019-01-09T04:41:36.629666Z
205,10V,Operation/Personnel Violations,Inventory Procedures,true,dept,2019-01-09T04:41:36.478496Z,2019-01-09T04:41:36.629666Z
206,10W,Operation/Personnel Violations,Traffic Pursuit,true,dept,2019-01-09T04:41:36.478496Z,2019-01-09T04:41:36.629666Z
207,10Y,Operation/Personnel Violations,Political Activity,true,dept,2019-01-09T04:41:36.478496Z,2019-01-09T04:41:36.629666Z
208,10Z,Operation/Personnel Violations,Miscellaneous,true,dept,2019-01-09T04:41:36.478496Z,2019-01-09T04:41:36.629666Z
209,11A,Operation/Personnel Violations,Forwarded To O.E.C.,true,dept,2019-01-09T04:41:36.478496Z,2019-01-09T04:41:36.629666Z
210,11S,Operation/Personnel Violations,Equal Employment Opportunities Investigations,true,dept,2019-01-09T04:41:36.478496Z,2019-01-09T04:41:36.629666Z
211,12A,Supervisory Responsibilities,Initiate Proper Action,true,dept,2019-01-09T04:41:36.478496Z,2019-01-09T04:41:36.629666Z
212,12B,Supervisory Responsibilities,Properly Direct Subordinate,true,dept,2019-01-09T04:41:36.478496Z,2019-01-09T04:41:36.629666Z
213,12C,Supervisory Responsibilities,Properly Review / Inspect Subordinate,true,dept,2019-01-09T04:41:36.478496Z,2019-01-09T04:41:36.629666Z
214,12D,Supervisory Responsibilities,Fail To Obtain A Complaint Register Number,true,dept,2019-01-09T04:41:36.478496Z,2019-01-09T04:41:36.629666Z
215,12E,Supervisory Responsibilities,Conduct An Improper / Inadequate Investigation,true,dept,2019-01-09T04:41:36.478496Z,2019-01-09T04:41:36.629666Z
216,12F,Supervisory Responsibilities,Failure To Ensure - Civil Rights,true,dept,2019-01-09T04:41:36.478496Z,2019-01-09T04:41:36.629666Z
217,12Z,Supervisory Responsibilities,Miscellaneous,true,dept,2019-01-09T04:41:36.478496Z,2019-01-09T04:41:36.629666Z
218,14A,Supervisory Responsibilities,State Civil Suit,true,dept,2019-01-09T04:41:36.478496Z,2019-01-09T04:41:36.629666Z
219,14B,Supervisory Responsibilities,Federal Civil Suit,true,dept,2019-01-09T04:41:36.478496Z,2019-01-09T04:41:36.629666Z
220,15A,Drug / Alcohol Abuse,Use / Abuse Drugs / Controlled Substance - On Duty,true,citizen,2019-01-09T04:41:36.478496Z,2019-01-09T04:41:36.629666Z
221,15B,Drug / Alcohol Abuse,Use / Abuse Drugs / Controlled Substance - Off Duty,false,citizen,2019-01-09T04:41:36.478496Z,2019-01-09T04:41:36.629666Z
222,15C,Drug / Alcohol Abuse,"D.U.I., Drugs / Controlled Substance - On Duty",true,citizen,2019-01-09T04:41:36.478496Z,2019-01-09T04:41:36.629666Z
223,15D,Drug / Alcohol Abuse,"D.U.I., Drugs / Controlled Substance - Off Duty",false,citizen,2019-01-09T04:41:36.478496Z,2019-01-09T04:41:36.629666Z
224,15E,Drug / Alcohol Abuse,Positive Drug Screen - Originated From Complaint,true,citizen,2019-01-09T04:41:36.478496Z,2019-01-09T04:41:36.629666Z
225,15G,Drug / Alcohol Abuse,Positive Drug Screen - Promotion Physical,true,citizen,2019-01-09T04:41:36.478496Z,2019-01-09T04:41:36.629666Z
226,15H,Drug / Alcohol Abuse,Positive Drug Screen - Other Physical Exam,true,citizen,2019-01-09T04:41:36.478496Z,2019-01-09T04:41:36.629666Z
227,15J,Drug / Alcohol Abuse,Refusal Of Direct Order To Provide Drug Screen Specimen,true,citizen,2019-01-09T04:41:36.478496Z,2019-01-09T04:41:36.629666Z
228,15K,Drug / Alcohol Abuse,Just Cause,true,citizen,2019-01-09T04:41:36.478496Z,2019-01-09T04:41:36.629666Z
229,15Z,Drug / Alcohol Abuse,Miscellaneous,true,citizen,2019-01-09T04:41:36.478496Z,2019-01-09T04:41:36.629666Z
230,16A,Money / Property,Damage Property,true,citizen,2019-01-09T04:41:36.478496Z,2019-01-09T04:41:36.629666Z
231,16B,Illegal Search,Failure To Leave Notification,true,citizen,2019-01-09T04:41:36.478496Z,2019-01-09T04:41:36.629666Z
232,16C,Money / Property,Missing Money Or Property,true,citizen,2019-01-09T04:41:36.478496Z,2019-01-09T04:41:36.629666Z
233,16D,Illegal Search,Wrong Address,true,citizen,2019-01-09T04:41:36.478496Z,2019-01-09T04:41:36.629666Z
234,16E,Illegal Search,Improper Service Of Warrant,true,citizen,2019-01-09T04:41:36.478496Z,2019-01-09T04:41:36.629666Z
235,16F,Illegal Search,Improper Documentation,true,citizen,2019-01-09T04:41:36.478496Z,2019-01-09T04:41:36.629666Z
236,16Z,Illegal Search,Miscellaneous,true,citizen,2019-01-09T04:41:36.478496Z,2019-01-09T04:41:36.629666Z
237,17A,Medical,Working While On The Medical / Iod,true,dept,2019-01-09T04:41:36.478496Z,2019-01-09T04:41:36.629666Z
238,17B,Medical,Altering Medical Documents,true,dept,2019-01-09T04:41:36.478496Z,2019-01-09T04:41:36.629666Z
239,17C,Medical,Medical Roll Violation,true,dept,2019-01-09T04:41:36.478496Z,2019-01-09T04:41:36.629666Z
240,17D,Medical,False Reporting Of Iod,true,dept,2019-01-09T04:41:36.478496Z,2019-01-09T04:41:36.629666Z
241,17E,Medical,Refusal Of Direct Order For Physical,true,dept,2019-01-09T04:41:36.478496Z,2019-01-09T04:41:36.629666Z
242,17F,Medical,Refusal Of Direct Order For Psychological,true,dept,2019-01-09T04:41:36.478496Z,2019-01-09T04:41:36.629666Z
243,17G,Medical,Violation Of Medical Restrictions,true,dept,2019-01-09T04:41:36.478496Z,2019-01-09T04:41:36.629666Z
244,17Z,Medical,Miscellaneous,true,dept,2019-01-09T04:41:36.478496Z,2019-01-09T04:41:36.629666Z
245,18A,Excessive Force,Firearm Discharge With Hits / On Duty,true,citizen,2019-01-09T04:41:36.478496Z,2019-01-09T04:41:36.629666Z
246,18B,Use Of Force,Firearm Discharge With Hits / Off Duty,false,citizen,2019-01-09T04:41:36.478496Z,2019-01-09T04:41:36.629666Z
247,19A,Use Of Force,Coercion - Violence,true,citizen,2019-01-09T04:41:36.478496Z,2019-01-09T04:41:36.629666Z
248,19B,Use Of Force,Coercion - Threat Of Arrest/Charges,true,citizen,2019-01-09T04:41:36.478496Z,2019-01-09T04:41:36.629666Z
249,19C,Use Of Force,Coercion -Threat Of Non-Criminal Govt Enforcement (Ie. Dcfs),true,citizen,2019-01-09T04:41:36.478496Z,2019-01-09T04:41:36.629666Z
250,19Z,Use Of Force,Coercion - Miscellaneous,true,citizen,2019-01-09T04:41:36.478496Z,2019-01-09T04:41:36.629666Z
251,20A,Use Of Force,Shots Fired - No Hits,true,citizen,2019-01-09T04:41:36.478496Z,2019-01-09T04:41:36.629666Z
252,20B,Use Of Force,Shots Fired - Destruction Of Animal,true,citizen,2019-01-09T04:41:36.478496Z,2019-01-09T04:41:36.629666Z
253,20C,Use Of Force,Taser Discharge,true,citizen,2019-01-09T04:41:36.478496Z,2019-01-09T04:41:36.629666Z
254,20D,Use Of Force,Oc Discharge,true,citizen,2019-01-09T04:41:36.478496Z,2019-01-09T04:41:36.629666Z
255,20Z,Use Of Force,Miscellaneous,true,citizen,2019-01-09T04:41:36.478496Z,2019-01-09T04:41:36.629666Z
256,27,Use Of Force,Compliance With Motor Vehicle Pursuit Requirements,true,citizen,2019-01-09T04:41:36.478496Z,2019-01-09T04:41:36.629666Z
257,S001,Use Of Force,Closed Hand Strike (Punch),true,citizen,2019-01-09T04:41:36.478496Z,2019-01-09T04:41:36.629666Z
258,S002,Use Of Force,Open Hand Strike (Slap),true,citizen,2019-01-09T04:41:36.478496Z,2019-01-09T04:41:36.629666Z
259,S003,Use Of Force,Elbow Strike,true,citizen,2019-01-09T04:41:36.478496Z,2019-01-09T04:41:36.629666Z
260,S004,Use Of Force,Knee Strike,true,citizen,2019-01-09T04:41:36.478496Z,2019-01-09T04:41:36.629666Z
261,S005,Use Of Force,Kicked,true,citizen,2019-01-09T04:41:36.478496Z,2019-01-09T04:41:36.629666Z
262,S006,Use Of Force,Stomped / Stepped On,true,citizen,2019-01-09T04:41:36.478496Z,2019-01-09T04:41:36.629666Z
263,S007,Use Of Force,Choked,true,citizen,2019-01-09T04:41:36.478496Z,2019-01-09T04:41:36.629666Z
264,S008,Use Of Force,Take Down (Thrown To Ground),true,citizen,2019-01-09T04:41:36.478496Z,2019-01-09T04:41:36.629666Z
265,S009,Use Of Force,Dragged,true,citizen,2019-01-09T04:41:36.478496Z,2019-01-09T04:41:36.629666Z
266,S010,Use Of Force,Impact Weapon - Authorized (Baton / Asp),true,citizen,2019-01-09T04:41:36.478496Z,2019-01-09T04:41:36.629666Z
267,S011,Use Of Force,"Impact Weapon - Unauthorized (Flashlight, Handcuffs, Etc)",true,citizen,2019-01-09T04:41:36.478496Z,2019-01-09T04:41:36.629666Z
268,S012,Use Of Force,Firearm Used As An Impact Weapon,true,citizen,2019-01-09T04:41:36.478496Z,2019-01-09T04:41:36.629666Z
269,S013,Use Of Force,Oc Chemical Weapon,true,citizen,2019-01-09T04:41:36.478496Z,2019-01-09T04:41:36.629666Z
270,S014,Use Of Force,Taser (Probe Discharge),true,citizen,2019-01-09T04:41:36.478496Z,2019-01-09T04:41:36.629666Z
271,S015,Use Of Force,Taser (Contact Stun),true,citizen,2019-01-09T04:41:36.478496Z,2019-01-09T04:41:36.629666Z
272,S016,Use Of Force,Taser (Laser Targeted),true,citizen,2019-01-09T04:41:36.478496Z,2019-01-09T04:41:36.629666Z
273,S017,Use Of Force,Taser (Spark Displayed),true,citizen,2019-01-09T04:41:36.478496Z,2019-01-09T04:41:36.629666Z
274,S020,Use Of Force,Vehicle,true,citizen,2019-01-09T04:41:36.478496Z,2019-01-09T04:41:36.629666Z
275,S021,Use Of Force,Miscellaneous,true,citizen,2019-01-09T04:41:36.478496Z,2019-01-09T04:41:36.629666Z
276,S022,Use Of Force,Closed Hand Strike (Punch),true,citizen,2019-01-09T04:41:36.478496Z,2019-01-09T04:41:36.629666Z
277,S023,Use Of Force,Open Hand Strike (Slap),true,citizen,2019-01-09T04:41:36.478496Z,2019-01-09T04:41:36.629666Z
278,S024,Use Of Force,Elbow Strike,true,citizen,2019-01-09T04:41:36.478496Z,2019-01-09T04:41:36.629666Z
279,S025,Use Of Force,Knee Strike,true,citizen,2019-01-09T04:41:36.478496Z,2019-01-09T04:41:36.629666Z
280,S026,Use Of Force,Kicked,true,citizen,2019-01-09T04:41:36.478496Z,2019-01-09T04:41:36.629666Z
281,S027,Use Of Force,Stomped / Stepped On,true,citizen,2019-01-09T04:41:36.478496Z,2019-01-09T04:41:36.629666Z
282,S028,Use Of Force,Choked,true,citizen,2019-01-09T04:41:36.478496Z,2019-01-09T04:41:36.629666Z
283,S029,Use Of Force,Take Down (Thrown To Ground),true,citizen,2019-01-09T04:41:36.478496Z,2019-01-09T04:41:36.629666Z
285,S031,Use Of Force,Impact Weapon - Authorized (Baton / Asp),true,citizen,2019-01-09T04:41:36.478496Z,2019-01-09T04:41:36.629666Z
286,S032,Use Of Force,"Impact Weapon - Unauthorized (Flashlight, Handcuffs, Etc)",true,citizen,2019-01-09T04:41:36.478496Z,2019-01-09T04:41:36.629666Z
287,S033,Use Of Force,Firearm Used As An Impact Weapon,true,citizen,2019-01-09T04:41:36.478496Z,2019-01-09T04:41:36.629666Z
288,S034,Use Of Force,Oc Chemical Weapon,true,citizen,2019-01-09T04:41:36.478496Z,2019-01-09T04:41:36.629666Z
289,S035,Use Of Force,Taser (Probe Discharge),true,citizen,2019-01-09T04:41:36.478496Z,2019-01-09T04:41:36.629666Z
290,S036,Use Of Force,Taser (Contact Stun),true,citizen,2019-01-09T04:41:36.478496Z,2019-01-09T04:41:36.629666Z
291,S037,Use Of Force,Taser (Laser Targeted),true,citizen,2019-01-09T04:41:36.478496Z,2019-01-09T04:41:36.629666Z
292,S038,Use Of Force,Taser (Spark Displayed),true,citizen,2019-01-09T04:41:36.478496Z,2019-01-09T04:41:36.629666Z
293,S040,Use Of Force,Canine,true,citizen,2019-01-09T04:41:36.478496Z,2019-01-09T04:41:36.629666Z
294,S041,Use Of Force,Vehicle,true,citizen,2019-01-09T04:41:36.478496Z,2019-01-09T04:41:36.629666Z
295,S042,Use Of Force,Miscellaneous,true,citizen,2019-01-09T04:41:36.478496Z,2019-01-09T04:41:36.629666Z
296,S043,Use Of Force,Closed Hand Strike (Punch),true,citizen,2019-01-09T04:41:36.478496Z,2019-01-09T04:41:36.629666Z
297,S044,Use Of Force,Closed Hand Strike (Punch),true,citizen,2019-01-09T04:41:36.478496Z,2019-01-09T04:41:36.629666Z
298,S045,Use Of Force,Open Hand Strike (Slap),true,citizen,2019-01-09T04:41:36.478496Z,2019-01-09T04:41:36.629666Z
299,S046,Use Of Force,Open Hand Strike (Slap),true,citizen,2019-01-09T04:41:36.478496Z,2019-01-09T04:41:36.629666Z
300,S047,Use Of Force,Elbow Strike,true,citizen,2019-01-09T04:41:36.478496Z,2019-01-09T04:41:36.629666Z
301,S051,Use Of Force,Kicked,true,citizen,2019-01-09T04:41:36.478496Z,2019-01-09T04:41:36.629666Z
302,S052,Use Of Force,Kicked,true,citizen,2019-01-09T04:41:36.478496Z,2019-01-09T04:41:36.629666Z
303,S054,Use Of Force,Stomped / Stepped On,true,citizen,2019-01-09T04:41:36.478496Z,2019-01-09T04:41:36.629666Z
304,S055,Use Of Force,Choked,true,citizen,2019-01-09T04:41:36.478496Z,2019-01-09T04:41:36.629666Z
305,S056,Use Of Force,Choked,true,citizen,2019-01-09T04:41:36.478496Z,2019-01-09T04:41:36.629666Z
306,S057,Use Of Force,Take Down (Thrown To Ground),true,citizen,2019-01-09T04:41:36.478496Z,2019-01-09T04:41:36.629666Z
307,S058,Use Of Force,Take Down (Thrown To Ground),true,citizen,2019-01-09T04:41:36.478496Z,2019-01-09T04:41:36.629666Z
308,S061,Use Of Force,Impact Weapon - Authorized (Baton / Asp),true,citizen,2019-01-09T04:41:36.478496Z,2019-01-09T04:41:36.629666Z
309,S062,Use Of Force,Impact Weapon - Authorized (Baton / Asp),true,citizen,2019-01-09T04:41:36.478496Z,2019-01-09T04:41:36.629666Z
310,S063,Use Of Force,"Impact Weapon - Unauthorized (Flashlight, Handcuffs, Etc)",true,citizen,2019-01-09T04:41:36.478496Z,2019-01-09T04:41:36.629666Z
311,S064,Use Of Force,"Impact Weapon - Unauthorized (Flashlight, Handcuffs, Etc)",true,citizen,2019-01-09T04:41:36.478496Z,2019-01-09T04:41:36.629666Z
312,S065,Use Of Force,Firearm Used As An Impact Weapon,true,citizen,2019-01-09T04:41:36.478496Z,2019-01-09T04:41:36.629666Z
313,S067,Use Of Force,Oc Chemical Weapon,true,citizen,2019-01-09T04:41:36.478496Z,2019-01-09T04:41:36.629666Z
314,S068,Use Of Force,Oc Chemical Weapon,true,citizen,2019-01-09T04:41:36.478496Z,2019-01-09T04:41:36.629666Z
315,S081,Use Of Force,Vehicle,true,citizen,2019-01-09T04:41:36.478496Z,2019-01-09T04:41:36.629666Z
316,S083,Use Of Force,Miscellaneous,true,citizen,2019-01-09T04:41:36.478496Z,2019-01-09T04:41:36.629666Z
317,S084,Use Of Force,Miscellaneous,true,citizen,2019-01-09T04:41:36.478496Z,2019-01-09T04:41:36.629666Z
318,S085,Use Of Force,Firearm Discharge With Hits - Handgun,true,citizen,2019-01-09T04:41:36.478496Z,2019-01-09T04:41:36.629666Z
319,S086,Use Of Force,Firearm Discharge With Hits - Handgun,true,citizen,2019-01-09T04:41:36.478496Z,2019-01-09T04:41:36.629666Z
320,S092,Use Of Force,Firearm Discharge With Hits - Miscellaneous Firearm,true,citizen,2019-01-09T04:41:36.478496Z,2019-01-09T04:41:36.629666Z
321,S093,Use Of Force,Firearm Discharge No Hits - Handgun,true,citizen,2019-01-09T04:41:36.478496Z,2019-01-09T04:41:36.629666Z
322,S094,Use Of Force,Firearm Discharge No Hits - Handgun,true,citizen,2019-01-09T04:41:36.478496Z,2019-01-09T04:41:36.629666Z
323,S100,Use Of Force,Firearm Discharge No Hits - Miscellaneous Firearm,true,citizen,2019-01-09T04:41:36.478496Z,2019-01-09T04:41:36.629666Z
324,S101,Use Of Force,Unjustified Pointing Of Firearm - Handgun,true,citizen,2019-01-09T04:41:36.478496Z,2019-01-09T04:41:36.629666Z
325,S102,Use Of Force,Unjustified Pointing Of Firearm - Handgun,true,citizen,2019-01-09T04:41:36.478496Z,2019-01-09T04:41:36.629666Z
326,S109,Use Of Force,Injury,true,citizen,2019-01-09T04:41:36.478496Z,2019-01-09T04:41:36.629666Z
327,S110,Use Of Force,No Injury,true,citizen,2019-01-09T04:41:36.478496Z,2019-01-09T04:41:36.629666Z
328,S111,Domestic,Stalking,true,citizen,2019-01-09T04:41:36.478496Z,2019-01-09T04:41:36.629666Z
329,S112,Domestic,Harassment,true,citizen,2019-01-09T04:41:36.478496Z,2019-01-09T04:41:36.629666Z
330,S113,Domestic,Verbal Abuse,true,citizen,2019-01-09T04:41:36.478496Z,2019-01-09T04:41:36.629666Z
331,S114,Domestic,Threats,true,citizen,2019-01-09T04:41:36.478496Z,2019-01-09T04:41:36.629666Z
332,S115,Domestic,Violation Of Court Order,true,citizen,2019-01-09T04:41:36.478496Z,2019-01-09T04:41:36.629666Z
333,S116,Domestic,Miscellaneous,true,citizen,2019-01-09T04:41:36.478496Z,2019-01-09T04:41:36.629666Z
334,S117,Use Of Force,Push/Pull/Grab,true,citizen,2019-01-09T04:41:36.478496Z,2019-01-09T04:41:36.629666Z
335,S118,Use Of Force,Push/Pull/Grab,false,citizen,2019-01-09T04:41:36.478496Z,2019-01-09T04:41:36.629666Z
336,S119,Use Of Force,Pushed To Ground,true,citizen,2019-01-09T04:41:36.478496Z,2019-01-09T04:41:36.629666Z
337,S120,Use Of Force,Pushed To Ground,false,citizen,2019-01-09T04:41:36.478496Z,2019-01-09T04:41:36.629666Z
338,S121,Use Of Force,Handcuff Too Tight,true,citizen,2019-01-09T04:41:36.478496Z,2019-01-09T04:41:36.629666Z
339,S122,Use Of Force,Handcuff Too Tight,false,citizen,2019-01-09T04:41:36.478496Z,2019-01-09T04:41:36.629666Z
340,S123,Use Of Force,Twisted Extremities (Wrist/Arm/Leg),true,citizen,2019-01-09T04:41:36.478496Z,2019-01-09T04:41:36.629666Z
341,S124,Use Of Force,Twisted Extremities (Wrist/Arm/Leg),false,citizen,2019-01-09T04:41:36.478496Z,2019-01-09T04:41:36.629666Z
342,S125,Use Of Force,Miscellaneous,true,citizen,2019-01-09T04:41:36.478496Z,2019-01-09T04:41:36.629666Z
343,S126,Use Of Force,Miscellaneous,false,citizen,2019-01-09T04:41:36.478496Z,2019-01-09T04:41:36.629666Z
344,S128,Unknown,Accident - Fatal,true,citizen,2019-01-09T04:41:36.478496Z,2019-01-09T04:41:36.629666Z
345,S130,Unknown,Accident - Injury,true,citizen,2019-01-09T04:41:36.478496Z,2019-01-09T04:41:36.629666Z
346,S132,Unknown,Accident - No Injury,true,citizen,2019-01-09T04:41:36.478496Z,2019-01-09T04:41:36.629666Z
347,S133,Money / Property,Money - Failed To Inventory,true,dept,2019-01-09T04:41:36.478496Z,2019-01-09T04:41:36.629666Z
348,S134,Money / Property,Property - Failed To Inventory,true,dept,2019-01-09T04:41:36.478496Z,2019-01-09T04:41:36.629666Z
349,S135,Money / Property,Property - Failed To Issue Receipt,true,dept,2019-01-09T04:41:36.478496Z,2019-01-09T04:41:36.629666Z
351,S151,Traffic,Traffic Crash Report,true,dept,2019-01-09T04:41:36.478496Z,2019-01-09T04:41:36.629666Z
352,S158,Unknown,Unauthorized Weapon,false,dept,2019-01-09T04:41:36.478496Z,2019-01-09T04:41:36.629666Z
353,S159,Unknown,Lost / Stolen Weapon,false,dept,2019-01-09T04:41:36.478496Z,2019-01-09T04:41:36.629666Z
354,S160,Unknown,Failure To Register,false,dept,2019-01-09T04:41:36.478496Z,2019-01-09T04:41:36.629666Z
355,S162,Unknown,Other,false,dept,2019-01-09T04:41:36.478496Z,2019-01-09T04:41:36.629666Z
356,S164,Unknown,Federal,false,dept,2019-01-09T04:41:36.478496Z,2019-01-09T04:41:36.629666Z
357,S168,Unknown,Wrong Ammunition,false,dept,2019-01-09T04:41:36.478496Z,2019-01-09T04:41:36.629666Z
358,S170,Unknown,Lost / Stolen Weapon,false,dept,2019-01-09T04:41:36.478496Z,2019-01-09T04:41:36.629666Z
359,S171,Unknown,Failure To Register,false,dept,2019-01-09T04:41:36.478496Z,2019-01-09T04:41:36.629666Z
360,S173,Unknown,Other,false,dept,2019-01-09T04:41:36.478496Z,2019-01-09T04:41:36.629666Z
361,S174,Money / Property,Missing Money,true,dept,2019-01-09T04:41:36.478496Z,2019-01-09T04:41:36.629666Z
362,S175,Money / Property,Missing Property,true,dept,2019-01-09T04:41:36.478496Z,2019-01-09T04:41:36.629666Z
363,S176,Money / Property,Missing Both,true,dept,2019-01-09T04:41:36.478496Z,2019-01-09T04:41:36.629666Z
364,S178,Operation/Personnel Violations,Accident - Property Damage,true,dept,2019-01-09T04:41:36.478496Z,2019-01-09T04:41:36.629666Z
365,S179,Operation/Personnel Violations,With Keys,true,dept,2019-01-09T04:41:36.478496Z,2019-01-09T04:41:36.629666Z
366,S180,Operation/Personnel Violations,Without Keys,true,dept,2019-01-09T04:41:36.478496Z,2019-01-09T04:41:36.629666Z
367,S181,Operation/Personnel Violations,Street,true,dept,2019-01-09T04:41:36.478496Z,2019-01-09T04:41:36.629666Z
368,S182,Operation/Personnel Violations,Facility,true,dept,2019-01-09T04:41:36.478496Z,2019-01-09T04:41:36.629666Z
369,S183,Operation/Personnel Violations,Vehicle,true,dept,2019-01-09T04:41:36.478496Z,2019-01-09T04:41:36.629666Z
370,S184,Money / Property,Money - Failed To Issue Receipt,true,dept,2019-01-09T04:41:36.478496Z,2019-01-09T04:41:36.629666Z
371,S185,Criminal Misconduct,Contempt,true,dept,2019-01-09T04:41:36.478496Z,2019-01-09T04:41:36.629666Z
372,S188,Unknown,Sexual Harassment,true,dept,2019-01-09T04:41:36.478496Z,2019-01-09T04:41:36.629666Z
373,S189,Unknown,Racial,true,dept,2019-01-09T04:41:36.478496Z,2019-01-09T04:41:36.629666Z
374,S190,Unknown,Ageism,true,dept,2019-01-09T04:41:36.478496Z,2019-01-09T04:41:36.629666Z
375,S191,Unknown,Sexual Orientation,true,dept,2019-01-09T04:41:36.478496Z,2019-01-09T04:41:36.629666Z
376,S192,Unknown,Gender,true,dept,2019-01-09T04:41:36.478496Z,2019-01-09T04:41:36.629666Z
377,S193,Unknown,Hostile Work Environment,true,dept,2019-01-09T04:41:36.478496Z,2019-01-09T04:41:36.629666Z
378,S194,Operation/Personnel Violations,Fail To Submit,true,dept,2019-01-09T04:41:36.478496Z,2019-01-09T04:41:36.629666Z
379,S195,Operation/Personnel Violations,Improper,true,dept,2019-01-09T04:41:36.478496Z,2019-01-09T04:41:36.629666Z
380,S196,Operation/Personnel Violations,False,true,dept,2019-01-09T04:41:36.478496Z,2019-01-09T04:41:36.629666Z
2,002,Operation/Personnel Violations,Absence Without Permission,true,dept,2019-01-09T04:41:36.478496Z,2019-01-09T04:41:36.629666Z
3,003,Operation/Personnel Violations,Medical Roll Violation,true,dept,2019-01-09T04:41:36.478496Z,2019-01-09T04:41:36.629666Z
4,003A,Operation/Personnel Violations,Medical Roll - Fail To Notify Spvsr,true,dept,2019-01-09T04:41:36.478496Z,2019-01-09T04:41:36.629666Z
5,003B,Operation/Personnel Violations,Medical Roll - Fail To Rpt In Person To Mss 2Nd Day For Eval,true,dept,2019-01-09T04:41:36.478496Z,2019-01-09T04:41:36.629666Z
6,003C,Operation/Personnel Violations,Medical Roll - Absent From Residence,true,dept,2019-01-09T04:41:36.478496Z,2019-01-09T04:41:36.629666Z
7,003D,Operation/Personnel Violations,Medical Roll - Fail To Rpt To Mss Or Other Medical Service,true,dept,2019-01-09T04:41:36.478496Z,2019-01-09T04:41:36.629666Z
8,003E,Operation/Personnel Violations,Medical Roll - Other And Specify,true,dept,2019-01-09T04:41:36.478496Z,2019-01-09T04:41:36.629666Z
9,004,Operation/Personnel Violations,Tardiness,true,dept,2019-01-09T04:41:36.478496Z,2019-01-09T04:41:36.629666Z
10,005,Operation/Personnel Violations,Court Appearance Violation,true,dept,2019-01-09T04:41:36.478496Z,2019-01-09T04:41:36.629666Z
11,006A,Operation/Personnel Violations,Uniform Violation - General Order,true,dept,2019-01-09T04:41:36.478496Z,2019-01-09T04:41:36.629666Z
12,006B,Operation/Personnel Violations,Uniform Violation - Official Duty,true,dept,2019-01-09T04:41:36.478496Z,2019-01-09T04:41:36.629666Z
13,007,Operation/Personnel Violations,Equipment Violation,true,dept,2019-01-09T04:41:36.478496Z,2019-01-09T04:41:36.629666Z
14,008,Operation/Personnel Violations,Weapons/Ammunition Violation,true,dept,2019-01-09T04:41:36.478496Z,2019-01-09T04:41:36.629666Z
15,009,Operation/Personnel Violations,Back In Service Violation,true,dept,2019-01-09T04:41:36.478496Z,2019-01-09T04:41:36.629666Z
16,010,Operation/Personnel Violations,Excessive Time Violation,true,dept,2019-01-09T04:41:36.478496Z,2019-01-09T04:41:36.629666Z
17,011,Operation/Personnel Violations,Courteous Police Service,true,dept,2019-01-09T04:41:36.478496Z,2019-01-09T04:41:36.629666Z
18,012A,Operation/Personnel Violations,Lounging,true,dept,2019-01-09T04:41:36.478496Z,2019-01-09T04:41:36.629666Z
19,012B,Operation/Personnel Violations,Unnecessary Visiting With Public,true,dept,2019-01-09T04:41:36.478496Z,2019-01-09T04:41:36.629666Z
20,012C,Operation/Personnel Violations,Unnecessary Visiting With Officers,true,dept,2019-01-09T04:41:36.478496Z,2019-01-09T04:41:36.629666Z
21,012D,Operation/Personnel Violations,Parking Vehicles,true,dept,2019-01-09T04:41:36.478496Z,2019-01-09T04:41:36.629666Z
22,013,Operation/Personnel Violations,Transporting Persons,true,dept,2019-01-09T04:41:36.478496Z,2019-01-09T04:41:36.629666Z
23,014,Operation/Personnel Violations,Congregating,true,dept,2019-01-09T04:41:36.478496Z,2019-01-09T04:41:36.629666Z
24,015,Operation/Personnel Violations,Absent/Leaving Duty Assignment,true,dept,2019-01-09T04:41:36.478496Z,2019-01-09T04:41:36.629666Z
25,016,Operation/Personnel Violations,Failure To Perform Assigned Tasks,true,dept,2019-01-09T04:41:36.478496Z,2019-01-09T04:41:36.629666Z
26,017,Operation/Personnel Violations,Radio/Television Violation,true,dept,2019-01-09T04:41:36.478496Z,2019-01-09T04:41:36.629666Z
27,018,Operation/Personnel Violations,Commercial Publications Violation,true,dept,2019-01-09T04:41:36.478496Z,2019-01-09T04:41:36.629666Z
28,019,Operation/Personnel Violations,Inattention To Duty,true,dept,2019-01-09T04:41:36.478496Z,2019-01-09T04:41:36.629666Z
29,019A,Operation/Personnel Violations,Reports - Fail To Submit,true,dept,2019-01-09T04:41:36.478496Z,2019-01-09T04:41:36.629666Z
350,S144,Traffic,Citation,true,dept,2019-01-09T04:41:36.478496Z,2019-01-09T04:41:36.629666Z
381,S197,Unknown,Accident - Fatal,true,dept,2019-01-09T04:41:36.478496Z,2019-01-09T04:41:36.629666Z
382,S198,Unknown,Accident - Injury,true,dept,2019-01-09T04:41:36.478496Z,2019-01-09T04:41:36.629666Z
383,S201,Drug / Alcohol Abuse,Amphetamines,true,citizen,2019-01-09T04:41:36.478496Z,2019-01-09T04:41:36.629666Z
384,S211,Drug / Alcohol Abuse,Benzodiazepine,true,citizen,2019-01-09T04:41:36.478496Z,2019-01-09T04:41:36.629666Z
385,S212,Drug / Alcohol Abuse,Benzodiazepine,true,citizen,2019-01-09T04:41:36.478496Z,2019-01-09T04:41:36.629666Z
386,S221,Drug / Alcohol Abuse,Opiate,true,citizen,2019-01-09T04:41:36.478496Z,2019-01-09T04:41:36.629666Z
412,10X,Operation/Personnel Violations,Vehicle Licensing - State,true,dept,2019-01-09T04:41:36.478496Z,2019-01-09T04:41:36.629666Z
413,15F,Drug / Alcohol Abuse,Positive Drug Screen - Recruit,true,citizen,2019-01-09T04:41:36.478496Z,2019-01-09T04:41:36.629666Z
414,15,Drug / Alcohol Abuse,Drug/Substance Abuse,true,citizen,2019-01-09T04:41:36.478496Z,2019-01-09T04:41:36.629666Z
415,21A,Unknown,Motor Vehicle Fatality - On Duty,true,citizen,2019-01-09T04:41:36.478496Z,2019-01-09T04:41:36.629666Z
387,S224,Drug / Alcohol Abuse,Opiate,true,citizen,2019-01-09T04:41:36.478496Z,2019-01-09T04:41:36.629666Z
388,S232,Drug / Alcohol Abuse,Propoxyphene,true,citizen,2019-01-09T04:41:36.478496Z,2019-01-09T04:41:36.629666Z
389,S233,Drug / Alcohol Abuse,Marijuana,true,citizen,2019-01-09T04:41:36.478496Z,2019-01-09T04:41:36.629666Z
390,S236,Drug / Alcohol Abuse,Marijuana,true,citizen,2019-01-09T04:41:36.478496Z,2019-01-09T04:41:36.629666Z
391,S237,Drug / Alcohol Abuse,Cocaine,true,citizen,2019-01-09T04:41:36.478496Z,2019-01-09T04:41:36.629666Z
392,S240,Drug / Alcohol Abuse,Cocaine,true,citizen,2019-01-09T04:41:36.478496Z,2019-01-09T04:41:36.629666Z
393,S244,Drug / Alcohol Abuse,Other,true,citizen,2019-01-09T04:41:36.478496Z,2019-01-09T04:41:36.629666Z
394,S245,Medical,Timely Notification To Unit,true,dept,2019-01-09T04:41:36.478496Z,2019-01-09T04:41:36.629666Z
395,S246,Medical,Failure To Appear At Mss,true,dept,2019-01-09T04:41:36.478496Z,2019-01-09T04:41:36.629666Z
396,S247,Medical,Failure To Provide Proper Documentation,true,dept,2019-01-09T04:41:36.478496Z,2019-01-09T04:41:36.629666Z
397,S248,Medical,Not At Home,true,dept,2019-01-09T04:41:36.478496Z,2019-01-09T04:41:36.629666Z
398,S249,Use Of Force,Firearm Discharge With Hits - Handgun,true,citizen,2019-01-09T04:41:36.478496Z,2019-01-09T04:41:36.629666Z
399,S250,Use Of Force,Firearm Discharge With Hits - Shotgun,true,citizen,2019-01-09T04:41:36.478496Z,2019-01-09T04:41:36.629666Z
400,S251,Use Of Force,Firearm Discharge With Hits - Rifle / Assault Weapon,true,citizen,2019-01-09T04:41:36.478496Z,2019-01-09T04:41:36.629666Z
401,S252,Use Of Force,Firearm Discharge With Hits - Miscellaneous Firearm,true,citizen,2019-01-09T04:41:36.478496Z,2019-01-09T04:41:36.629666Z
402,S253,Use Of Force,Firearm Discharge With Hits - Handgun,true,citizen,2019-01-09T04:41:36.478496Z,2019-01-09T04:41:36.629666Z
403,S259,Drug / Alcohol Abuse,Dui-No Accident,true,citizen,2019-01-09T04:41:36.478496Z,2019-01-09T04:41:36.629666Z
404,S261,Unknown,Non Arrestee,true,dept,2019-01-09T04:41:36.478496Z,2019-01-09T04:41:36.629666Z
405,S262,Medical,Failure To Receive Approval For Travel,true,dept,2019-01-09T04:41:36.478496Z,2019-01-09T04:41:36.629666Z
406,S263,Medical,Misrepresentation Of Injury,true,dept,2019-01-09T04:41:36.478496Z,2019-01-09T04:41:36.629666Z
407,S914,Medical,Disability,true,dept,2019-01-09T04:41:36.478496Z,2019-01-09T04:41:36.629666Z
408,,Incident,Firearm Discharge,false,citizen,2019-01-09T04:41:36.478496Z,2019-01-09T04:41:36.629666Z
409,,Incident,Other Use Of Force,false,citizen,2019-01-09T04:41:36.478496Z,2019-01-09T04:41:36.629666Z
410,,Incident,Taser Discharge,false,citizen,2019-01-09T04:41:36.478496Z,2019-01-09T04:41:36.629666Z
411,,Incident,Incident in Police Custody,false,citizen,2019-01-09T04:41:36.478496Z,2019-01-09T04:41:36.629666Z
